Periodo_Infraestructura,Hectareas_Destruidas
1. Hasta 1985 (Cascos Históricos Consolidados),109
2. 1986 - 1990 (Expansión Industrial Litoral),9
3. 1991 - 1995 (Crecimiento Periférico Medio),4
4. 1996 - 2000 (Máxima Presión Pre-Desastre 1999),6
5. 2001 - 2005 (Infraestructura de Mitigación Post-Vargas),3
6. 2006 - 2010 (Densificación Conurbana),4
7. 2011 - 2015 (Desarrollos Habitacionales Recientes),5
8. 2016 - 2020 (Asentamientos Espontáneos en Vertiente),1
9. 2021 - 2024 (Frente Antrópico Inestable de Última Data),4
